{"valueType":"lists","values":[{"_typeName":"User","id":"ckgg9od1700ub0765ynhoyr8c","permissions":["MAILING_LIST"]},{"_typeName":"User","id":"cke80bzwt00em07253a8uked2","permissions":["USER"]},{"_typeName":"User","id":"ckgg9eap000rv07650wd7ius7","permissions":["MAILING_LIST"]},{"_typeName":"User","id":"ckgg9bq8r00r20765vzh20lfz","permissions":["MAILING_LIST"]},{"_typeName":"User","id":"ckfnrtm7a007m07462a8krug2","permissions":["USER"]},{"_typeName":"User","id":"ckec6kk0a002a0782ehb7evwb","permissions":["USER"]},{"_typeName":"User","id":"ckhw2oyse00cq0768nmyojeb8","permissions":["USER"]},{"_typeName":"User","id":"ckbnt3tyu000807209xyt0lo9","permissions":["USER"]},{"_typeName":"User","id":"ckfx5b4w700kq0772bqdrtpts","permissions":["USER"]},{"_typeName":"User","id":"cke49hqu200360796ff23odim","permissions":["USER"]},{"_typeName":"User","id":"ckdilz1mz001z07045tvg4ea5","permissions":["USER"]},{"_typeName":"User","id":"ckdltqwqq01a10753kkr24fng","permissions":["USER"]},{"_typeName":"User","id":"ckdwousn000bp0775mk0drg2s","permissions":["USER"]},{"_typeName":"User","id":"ckbtfwxke00n30743c8hew1x2","permissions":["USER"]},{"_typeName":"User","id":"ckdohb00t000h0710cy6fca6t","permissions":["USER","PREMIUM"]},{"_typeName":"User","id":"ckcyhugyg001n0719fw3j0u4d","permissions":["USER"]},{"_typeName":"User","id":"ckbpe5xal000f0747l8k3cr6d","permissions":["USER","PREMIUM"]},{"_typeName":"User","id":"ckejykqzs005l0738xv2n35ig","permissions":["USER"]},{"_typeName":"User","id":"cki4o895z00440771eo25472r","permissions":["USER"]},{"_typeName":"User","id":"ckf559e5v00120780zeln35pd","permissions":["USER"]},{"_typeName":"User","id":"ckiscfsqz008i0788fmvp3y5w","permissions":["USER"]},{"_typeName":"User","id":"ckbm6r66m00tt0790o7l75hxi","permissions":["USER"]},{"_typeName":"User","id":"ckbuiioul000f0711usq667lb","permissions":["USER"]},{"_typeName":"User","id":"ckbt70l1n004g0743mu1y0vhd","permissions":["USER"]},{"_typeName":"User","id":"ckeb4g1r7003b0748cn7k86i3","permissions":["USER","PREMIUM"]},{"_typeName":"User","id":"ckf195op4004c0717udrmc4xa","permissions":["USER"]},{"_typeName":"User","id":"cke5pistm00n60716kjj39fg0","permissions":["USER"]},{"_typeName":"User","id":"ckfybxz5200e10729ib4dbrzw","permissions":["USER","PREMIUM"]},{"_typeName":"User","id":"cke9qjcjg00hv0764gcpksi7k","permissions":["USER"]},{"_typeName":"User","id":"ckgv59i4n000m0716w9mxdkhh","permissions":["USER"]},{"_typeName":"User","id":"ckbxquipx00050791407df10y","permissions":["USER"]},{"_typeName":"User","id":"ckfx2p6sq00i0077276qpl144","permissions":["USER"]},{"_typeName":"User","id":"ckd2w3woh000q0771oy1ocb27","permissions":["USER","PREMIUM"]},{"_typeName":"User","id":"ckftwbbqt006o07632slbefxz","permissions":["USER"]},{"_typeName":"User","id":"ckbovd0r400100717vbjlhkuf","permissions":["USER"]},{"_typeName":"User","id":"ckek7rnb3007b0738momlm62n","permissions":["USER"]},{"_typeName":"User","id":"ckd77tkd6006a0769modw10d7","permissions":["USER"]},{"_typeName":"User","id":"ckgg9g7kg00sb0765v7a7umg0","permissions":["MAILING_LIST"]},{"_typeName":"User","id":"ckev8a7cv005k07371tt0yok0","permissions":["USER"]},{"_typeName":"User","id":"ckenye2nv002r0711aj2jsuy0","permissions":["USER","PREMIUM"]},{"_typeName":"User","id":"ckbe9p8rx006307717tzbjwzl","permissions":["USER","EDITOR","ADMIN","PREMIUM"]},{"_typeName":"User","id":"ckgg9nv8i00u50765lco2nz4i","permissions":["MAILING_LIST"]},{"_typeName":"User","id":"ckgg9c54900r80765ren96cth","permissions":["MAILING_LIST"]},{"_typeName":"User","id":"ckbukmyz9001b0711in1txyup","permissions":["USER"]},{"_typeName":"User","id":"ckebdc2gr00ej0748wquixrgd","permissions":["USER"]},{"_typeName":"User","id":"ckk5njngo004t0730pa16g7vr","permissions":["USER"]},{"_typeName":"User","id":"cke5udd3a00sx07164viz6g3v","permissions":["USER","PREMIUM"]},{"_typeName":"User","id":"ckklzdqzx00ai0729fxei21ot","permissions":["USER"]},{"_typeName":"User","id":"ckgg9m8h900th0765dhngsiuv","permissions":["MAILING_LIST"]},{"_typeName":"User","id":"ckiydps2d004v0789hv900w14","permissions":["USER"]},{"_typeName":"User","id":"cke5mexck00ea0716o1s43ew1","permissions":["USER"]},{"_typeName":"User","id":"ckgg9kwkz00sz0765yy1606k0","permissions":["MAILING_LIST"]},{"_typeName":"User","id":"ckgg99d5400qj076558i3m9wr","permissions":["MAILING_LIST"]},{"_typeName":"User","id":"ckbp6u34a0012078167kecvjk","permissions":["USER"]},{"_typeName":"User","id":"cke9b3j2000ca0764aitwg2mh","permissions":["USER"]},{"_typeName":"User","id":"ckd5u8ldq000o07160w66f8ra","permissions":["USER"]},{"_typeName":"User","id":"ckfx1o1j300hb07722v1734ju","permissions":["USER"]},{"_typeName":"User","id":"ckgg9err700s10765huieb7m5","permissions":["MAILING_LIST"]},{"_typeName":"User","id":"ckg1hxki000dv0783od16a4w7","permissions":["USER"]},{"_typeName":"User","id":"ckd9a39ab002r0721ytk2amlt","permissions":["USER"]},{"_typeName":"User","id":"ckes8288u001y0727mkkmn748","permissions":["USER"]},{"_typeName":"User","id":"ckep9r9wu001o0766932yt5yr","permissions":["USER"]},{"_typeName":"User","id":"ckfarlnkg00fj0771n29efmyi","permissions":["USER","PREMIUM"]},{"_typeName":"User","id":"ckfv7i6yk00dm0768oyb9sdpv","permissions":["USER"]},{"_typeName":"User","id":"ckbm5di4500rp0790wv0rkwi6","permissions":["USER"]},{"_typeName":"User","id":"ckfp2milg001s0780mn7d118x","permissions":["USER","PREMIUM"]},{"_typeName":"User","id":"cked6se4c00h20782rewv4nim","permissions":["USER","EDITOR","PREMIUM"]},{"_typeName":"User","id":"ckc6hc5q7004107948e6zlel0","permissions":["USER"]},{"_typeName":"User","id":"ckbl33euz002j0712old730x2","permissions":["USER"]},{"_typeName":"User","id":"ckeey7287002g0703vxp9x1uw","permissions":["USER"]},{"_typeName":"User","id":"cke5ogys800jo0716c15cglwu","permissions":["USER"]},{"_typeName":"User","id":"ckgou1bok005q0743zbgwr8l8","permissions":["USER"]},{"_typeName":"User","id":"ckiinyoms0011072043v35x51","permissions":["USER"]},{"_typeName":"User","id":"ckgg9l8xq00t50765nzm0tnt7","permissions":["MAILING_LIST"]},{"_typeName":"User","id":"ckc2b9bcw000d0791qzqtfdqj","permissions":["USER"]},{"_typeName":"User","id":"cke6oipr2014i0716f7lf3fpc","permissions":["USER","PREMIUM"]},{"_typeName":"User","id":"ckhzjjp42000507589edu2f88","permissions":["USER"]},{"_typeName":"User","id":"ckesvehnc00740727bhvegloy","permissions":["USER"]},{"_typeName":"User","id":"ckdzugmds001t07385t9hc8mn","permissions":["USER"]},{"_typeName":"User","id":"ckbmies1j000w0706z3s0n7gh","permissions":["USER"]},{"_typeName":"User","id":"ckbp8u9yo0027078143ck3sq9","permissions":["USER"]},{"_typeName":"User","id":"cke5t2wb700qp0716k8mty1db","permissions":["USER"]},{"_typeName":"User","id":"ckep8f96e000x0766tnhcso7n","permissions":["USER"]},{"_typeName":"User","id":"ckh38rj5q002f0790e3urtq05","permissions":["USER"]},{"_typeName":"User","id":"ckbwmx2dr000h0748ymmi7ezo","permissions":["USER"]},{"_typeName":"User","id":"ckd4ho6uf004607419tkgtghd","permissions":["USER"]},{"_typeName":"User","id":"ckf42uz5u003a07240k74vkty","permissions":["USER","PREMIUM"]},{"_typeName":"User","id":"ckbmq51hc002w0787449xy7qe","permissions":["USER"]},{"_typeName":"User","id":"ckgg98ya300qd0765bkl08mp2","permissions":["MAILING_LIST"]},{"_typeName":"User","id":"ckh2ju7sg000m0790s81e440r","permissions":["USER","PREMIUM"]},{"_typeName":"User","id":"ckcjeu8lv000g07826zrosc0s","permissions":["USER"]},{"_typeName":"User","id":"ckgg9mo3l00tn07656qgy812q","permissions":["MAILING_LIST"]},{"_typeName":"User","id":"ckbkzfg37001b07121557df4m","permissions":["USER"]},{"_typeName":"User","id":"ckep9g4ma001b0766aqj6gxjd","permissions":["USER"]},{"_typeName":"User","id":"ckbkltx54003q0748m852u2ad","permissions":["USER"]},{"_typeName":"User","id":"ckglzqyvq00i707643dy8dzdi","permissions":["USER"]},{"_typeName":"User","id":"ckf5dh00c003v07807o25my39","permissions":["USER"]},{"_typeName":"User","id":"ckgg9gn2b00sh0765g3m6lt2m","permissions":["MAILING_LIST"]},{"_typeName":"User","id":"ckh5ckedw000k0796yo0w82xu","permissions":["USER"]},{"_typeName":"User","id":"ckgo1px9b001n07436ogmf18t","permissions":["USER"]},{"_typeName":"User","id":"cke6qrunl016q0716vxs1807t","permissions":["USER"]},{"_typeName":"User","id":"ckbmdv6ro013v0790qgydpcxz","permissions":["USER"]},{"_typeName":"User","id":"ckgg9n6km00tt0765igw0nb1w","permissions":["MAILING_LIST"]},{"_typeName":"User","id":"ckhrxd3jn001v07880enjx72z","permissions":["USER"]},{"_typeName":"User","id":"ckebkt9m000tv0748lsenazpw","permissions":["USER"]},{"_typeName":"User","id":"ckbo5zpna00090719ksxszjdp","permissions":["USER"]},{"_typeName":"User","id":"ckgpitu4r003607303za74iyl","permissions":["USER"]},{"_typeName":"User","id":"ckgg9dwud00rp0765jv5hx7hp","permissions":["MAILING_LIST"]},{"_typeName":"User","id":"ckfx1kdny00gs0772cur2aox7","permissions":["USER"]},{"_typeName":"User","id":"ckctks2nm000k0722zazstljm","permissions":["USER"]},{"_typeName":"User","id":"ckhe72lbw0031074313lrnkyf","permissions":["USER"]},{"_typeName":"User","id":"cke6b3fpu01270716kkjs5uhb","permissions":["USER"]},{"_typeName":"User","id":"ckgg9ll7900tb0765xpxo85lt","permissions":["MAILING_LIST"]},{"_typeName":"User","id":"ckgg9a1w900qp0765y19g9ecv","permissions":["MAILING_LIST"]},{"_typeName":"User","id":"ckfx3sfyt00iy0772qwmg79dx","permissions":["USER"]},{"_typeName":"User","id":"ckgg9ckkj00re07656gnbuql5","permissions":["MAILING_LIST"]},{"_typeName":"User","id":"ckgg9ajmi00qv0765fudagu64","permissions":["MAILING_LIST"]},{"_typeName":"User","id":"ckbs6a7vs000h0782mf4e5f0s","permissions":["USER","PREMIUM"]},{"_typeName":"User","id":"ckda9hxph006q0723hx7e94n1","permissions":["USER"]},{"_typeName":"User","id":"ckcnnd1rk001q0757hnfh2503","permissions":["USER"]},{"_typeName":"User","id":"ckbpv6yud0003079719ok1468","permissions":["USER"]},{"_typeName":"User","id":"ckf704sem004f0724acbeqrxl","permissions":["USER"]},{"_typeName":"User","id":"ckcc5770300860736unhhqz03","permissions":["USER"]},{"_typeName":"User","id":"ckbm5nsgb00sq0790ivsn23ld","permissions":["USER","PREMIUM"]},{"_typeName":"User","id":"ckea3xaja001t0792jyakuns7","permissions":["USER","PREMIUM"]},{"_typeName":"User","id":"ckblzfdqh002207902b4ayr0t","permissions":["USER","PREMIUM"]},{"_typeName":"User","id":"ckbmd9iln01370790z9ibffwj","permissions":["USER"]},{"_typeName":"User","id":"ckemy76a40069079568fz4i0f","permissions":["USER"]},{"_typeName":"User","id":"ckfyy2kgs000f0768e8ww8spx","permissions":["USER","PREMIUM"]},{"_typeName":"User","id":"ckg0aeemh00j80768dl7wu1lb","permissions":["USER"]},{"_typeName":"User","id":"ckfx56wiw00jx0772ld2c242q","permissions":["USER"]},{"_typeName":"User","id":"ckgrpj0p6005e0793himriz3d","permissions":["USER"]},{"_typeName":"User","id":"cke61a5b100yl0716ksrus931","permissions":["USER"]},{"_typeName":"User","id":"ckgg9il0u00st0765gpebo3rb","permissions":["MAILING_LIST"]},{"_typeName":"User","id":"ckcpfgmsa00080747e0t3vtls","permissions":["USER"]},{"_typeName":"User","id":"ckfzrowvt00g50768cj706upk","permissions":["USER"]},{"_typeName":"User","id":"ckbme61ij01470790o6cgxcyx","permissions":["USER"]},{"_typeName":"User","id":"ckeckf5bl00680782zhhqsy29","permissions":["USER"]},{"_typeName":"User","id":"cken2o2s2007h0795fpkb9c8m","permissions":["USER"]},{"_typeName":"User","id":"ckbmcl8dn01210790ys5ew673","permissions":["USER"]},{"_typeName":"User","id":"ckgt31rk9002q071702g7dmon","permissions":["USER"]},{"_typeName":"User","id":"ckfys4hgx00k90729d90sj7lt","permissions":["USER"]},{"_typeName":"User","id":"ckjvxvcz4009u078450znmq11","permissions":["USER","PREMIUM"]},{"_typeName":"User","id":"ckg0qccs4007b0783tfcmnqqz","permissions":["USER"]},{"_typeName":"User","id":"ckl9cyinp0040078912h8ofpw","permissions":["USER"]},{"_typeName":"User","id":"ckkbmophp004l0703f17ez5qw","permissions":["USER","PREMIUM"]},{"_typeName":"User","id":"cke0xhxo100080763oyiuf2zb","permissions":["USER"]},{"_typeName":"User","id":"ckbr80zs6000h0771dtg4ky5n","permissions":["USER"]},{"_typeName":"User","id":"ckgg98f5i00q707652pb9oe5c","permissions":["MAILING_LIST"]},{"_typeName":"User","id":"ckgg9p89r00un07654qyqd1j6","permissions":["MAILING_LIST"]},{"_typeName":"User","id":"ckggb72bw00vm0765x71dup0d","permissions":["USER"]},{"_typeName":"User","id":"ckhgnypfk002007605eyttf8y","permissions":["USER","PREMIUM"]},{"_typeName":"User","id":"ckfnmjiww00450746o8ggyffo","permissions":["USER"]},{"_typeName":"User","id":"ckeltgdoj00bc0799ea4vw6ac","permissions":["USER","PREMIUM"]},{"_typeName":"User","id":"ckbki0b9v000y0748ypcqxhcz","permissions":["USER","EDITOR","PREMIUM"]},{"_typeName":"User","id":"ckg9g07qd005f0704cpjsylk1","permissions":["USER"]},{"_typeName":"User","id":"ckbuxcepa007l07118iu6gkpv","permissions":["USER"]},{"_typeName":"User","id":"ckee0vb42004a0714kl5ab4kr","permissions":["USER"]},{"_typeName":"User","id":"ckelfn5mj00840799izjv7k4y","permissions":["USER"]},{"_typeName":"User","id":"ckgg9owvg00uh076549bou3ba","permissions":["MAILING_LIST"]},{"_typeName":"User","id":"ckbt7a308005p0743zt3abmhq","permissions":["USER","PREMIUM"]},{"_typeName":"User","id":"ckey0z9ts002v071397cv7924","permissions":["USER"]},{"_typeName":"User","id":"ckh4pt0ax00bg0720iwv8kbdt","permissions":["USER"]},{"_typeName":"User","id":"ckfx3pulv00ik0772s1otrpck","permissions":["USER"]},{"_typeName":"User","id":"ckfx59i2n00kc0772la0vls6b","permissions":["USER"]},{"_typeName":"User","id":"ckftsmi0800330763n7bra06b","permissions":["USER"]},{"_typeName":"User","id":"cke7nt9qd00cs0725x769l0gs","permissions":["USER"]},{"_typeName":"User","id":"ckel3gn48004i0799e1byg8kv","permissions":["USER"]},{"_typeName":"User","id":"ckdzwpi55002w0738azk6gvlm","permissions":["USER"]},{"_typeName":"User","id":"ckcff633e00060710bbfiagy8","permissions":["USER"]},{"_typeName":"User","id":"ckd1n6852003x0788rmw69l8s","permissions":["USER"]},{"_typeName":"User","id":"ckc6gzirz003307941udgugon","permissions":["USER"]},{"_typeName":"User","id":"ckbtqepv9000m075270xbiob3","permissions":["USER"]},{"_typeName":"User","id":"ckfqwvacm00a20777g10k60t1","permissions":["USER","PREMIUM"]},{"_typeName":"User","id":"ckfyd486700fz0729hhmbjjo1","permissions":["USER"]},{"_typeName":"User","id":"ckelr052z009k0799bbx1tzr1","permissions":["USER","PREMIUM"]},{"_typeName":"User","id":"ckdgcxvec000b0728nwqzymmh","permissions":["USER"]},{"_typeName":"User","id":"cke0ha8wi000c0723jocoh576","permissions":["USER"]},{"_typeName":"User","id":"ckgg97w4f00px0765yxjdnlz0","permissions":["MAILING_LIST"]},{"_typeName":"User","id":"cke2lv4v7002807057b23iagy","permissions":["USER"]},{"_typeName":"User","id":"ckgg9i5g700sn0765lc3lxb8z","permissions":["MAILING_LIST"]},{"_typeName":"User","id":"ckfmknjcr004z0724ihnudhf3","permissions":["USER"]},{"_typeName":"User","id":"ckfwznpt100de07728zitowct","permissions":["USER"]},{"_typeName":"User","id":"ckgg9nklt00tz0765o8q1f8mf","permissions":["MAILING_LIST"]},{"_typeName":"User","id":"ckd967mvi00080721xnyimnx4","permissions":["USER"]},{"_typeName":"User","id":"ckcrft9d4001n0718dcs8pq90","permissions":["USER"]},{"_typeName":"User","id":"ckhur1r3m00450794s0226hb0","permissions":["USER"]},{"_typeName":"User","id":"ckf6w0z0d0026072421bjhk7p","permissions":["USER","PREMIUM"]},{"_typeName":"User","id":"cki03croz002g07589028bfsm","permissions":["USER","PREMIUM"]}]}