{"valueType":"relations","values":[[{"_typeName":"User","id":"ckbe9p8rx006307717tzbjwzl"},{"_typeName":"StoryComment","id":"ckdlpkgyt00kg0753ot2ili0j","fieldName":"author"}],[{"_typeName":"User","id":"ckbe9p8rx006307717tzbjwzl"},{"_typeName":"StoryComment","id":"ckfv4kjyj007t0768c9akxz47","fieldName":"author"}],[{"_typeName":"StoryComment","id":"ckbe9p8rx006307717tzbjwzl","fieldName":"story"},{"_typeName":"Story","id":"ckdlpkgyt00kg0753ot2ili0j","fieldName":"comments"}],[{"_typeName":"StoryComment","id":"ckbe9p8rx006307717tzbjwzl","fieldName":"story"},{"_typeName":"Story","id":"ckfv4kjyj007t0768c9akxz47","fieldName":"comments"}],[{"_typeName":"FeatureComment","id":"ckc2bah3t000q0791xraqwhiz","fieldName":"feature"},{"_typeName":"Feature","id":"ck92gwbaa009k0705iafntpfq","fieldName":"comments"}],[{"_typeName":"FeatureComment","id":"ckbm4ncz300mi0790g8zlv7cs","fieldName":"feature"},{"_typeName":"Feature","id":"ckbl9gi8m005b0712nijhqv53","fieldName":"comments"}],[{"_typeName":"FeatureComment","id":"ckd9680kr000l0721b5gd4e3a","fieldName":"feature"},{"_typeName":"Feature","id":"ckd75anbd000r076986nvndjg","fieldName":"comments"}],[{"_typeName":"FeatureComment","id":"ckdack4f700au0723cxgr6f15","fieldName":"feature"},{"_typeName":"Feature","id":"ckda46h78000p07234osxdkme","fieldName":"comments"}],[{"_typeName":"FeatureComment","id":"ckdwovc2p00c5077505ajie1s","fieldName":"feature"},{"_typeName":"Feature","id":"ckdvy6u7d000j07973ezf4l1j","fieldName":"comments"}],[{"_typeName":"FeatureComment","id":"cke3335vd006o0705u9stcy72","fieldName":"feature"},{"_typeName":"Feature","id":"cke1ti8mj00500711j4e3gjv2","fieldName":"comments"}],[{"_typeName":"FeatureComment","id":"ckf199f57004u0717zb3jmgc3","fieldName":"feature"},{"_typeName":"Feature","id":"ckey0t4ot00170713diszakr0","fieldName":"comments"}],[{"_typeName":"User","id":"ckbuiioul000f0711usq667lb","fieldName":"upvotedStories"},{"_typeName":"Story","id":"ck8uoldyk001307747ajfsd3z"}],[{"_typeName":"User","id":"ckbe9p8rx006307717tzbjwzl","fieldName":"upvotedStories"},{"_typeName":"Story","id":"ck8wrm5ju00050771u2kmc1s4"}],[{"_typeName":"User","id":"ckbe9p8rx006307717tzbjwzl","fieldName":"upvotedStories"},{"_typeName":"Story","id":"ck8ws2kuv001i0771sdrngy61"}],[{"_typeName":"User","id":"ckbe9p8rx006307717tzbjwzl","fieldName":"upvotedStories"},{"_typeName":"Story","id":"ck91qob9y000f0765p7oqphlo"}],[{"_typeName":"User","id":"ckbe9p8rx006307717tzbjwzl","fieldName":"upvotedStories"},{"_typeName":"Story","id":"ck92iozd700dz0705b15epbko"}],[{"_typeName":"User","id":"ckbe9p8rx006307717tzbjwzl","fieldName":"upvotedStories"},{"_typeName":"Story","id":"ck93vsjon000n07531wmm93oe"}],[{"_typeName":"User","id":"ckbe9p8rx006307717tzbjwzl","fieldName":"upvotedStories"},{"_typeName":"Story","id":"ck93wxwnp001m0753dio5q4yj"}],[{"_typeName":"User","id":"ckbe9p8rx006307717tzbjwzl","fieldName":"upvotedStories"},{"_typeName":"Story","id":"ck986azdq00a00795ml080cxr"}],[{"_typeName":"User","id":"ckbe9p8rx006307717tzbjwzl","fieldName":"upvotedStories"},{"_typeName":"Story","id":"ck9dzzad600090703t49pcwc1"}],[{"_typeName":"User","id":"ckcc5770300860736unhhqz03","fieldName":"upvotedStories"},{"_typeName":"Story","id":"ckawopbo60005075334wugcjf"}],[{"_typeName":"User","id":"ckbe9p8rx006307717tzbjwzl","fieldName":"upvotedStories"},{"_typeName":"Story","id":"ckawopbo60005075334wugcjf"}],[{"_typeName":"User","id":"ckbe9p8rx006307717tzbjwzl","fieldName":"upvotedStories"},{"_typeName":"Story","id":"ckazyytt8005m0738e20adowx"}],[{"_typeName":"User","id":"ckbe9p8rx006307717tzbjwzl","fieldName":"upvotedStories"},{"_typeName":"Story","id":"ckb00ct6q006f0738umkabkr7"}],[{"_typeName":"User","id":"ckbe9p8rx006307717tzbjwzl","fieldName":"upvotedStories"},{"_typeName":"Story","id":"ckb0leegv004g0796mlq4vdlf"}],[{"_typeName":"User","id":"ckbe9p8rx006307717tzbjwzl","fieldName":"upvotedStories"},{"_typeName":"Story","id":"ckbbxcqh2000r07280hschxca"}],[{"_typeName":"User","id":"ckbe9p8rx006307717tzbjwzl","fieldName":"upvotedStories"},{"_typeName":"Story","id":"ckbhmyl2n000b0761exphh20w"}],[{"_typeName":"User","id":"ckbe9p8rx006307717tzbjwzl","fieldName":"upvotedStories"},{"_typeName":"Story","id":"ckbju97fz006b0752yvnpsxyp"}],[{"_typeName":"User","id":"ckbki0b9v000y0748ypcqxhcz","fieldName":"upvotedStories"},{"_typeName":"Story","id":"ckbjue58u007n07527lq4yxb0"}],[{"_typeName":"User","id":"ckbe9p8rx006307717tzbjwzl","fieldName":"upvotedStories"},{"_typeName":"Story","id":"ckbjue58u007n07527lq4yxb0"}],[{"_typeName":"User","id":"ckbe9p8rx006307717tzbjwzl","fieldName":"upvotedStories"},{"_typeName":"Story","id":"ckbjujw8l008n0752zrddpwlw"}],[{"_typeName":"User","id":"ckbe9p8rx006307717tzbjwzl","fieldName":"upvotedStories"},{"_typeName":"Story","id":"ckbjuq3jt009m0752ss8f1l5a"}],[{"_typeName":"User","id":"ckbki0b9v000y0748ypcqxhcz","fieldName":"upvotedStories"},{"_typeName":"Story","id":"ckbkok43b007s07481pvoycfa"}],[{"_typeName":"User","id":"ckbe9p8rx006307717tzbjwzl","fieldName":"upvotedStories"},{"_typeName":"Story","id":"ckbkok43b007s07481pvoycfa"}],[{"_typeName":"User","id":"ckbe9p8rx006307717tzbjwzl","fieldName":"upvotedStories"},{"_typeName":"Story","id":"ckbmc5oyl01190790a80r6z8w"}],[{"_typeName":"User","id":"ckbe9p8rx006307717tzbjwzl","fieldName":"upvotedStories"},{"_typeName":"Story","id":"ckbshfcbm002u0782tju3s1m6"}],[{"_typeName":"User","id":"ckbki0b9v000y0748ypcqxhcz","fieldName":"upvotedStories"},{"_typeName":"Story","id":"ckc68kjvb00290733l3t8bx85"}],[{"_typeName":"User","id":"ckbe9p8rx006307717tzbjwzl","fieldName":"upvotedStories"},{"_typeName":"Story","id":"ckc69c9ts003x07337tw5azm1"}],[{"_typeName":"User","id":"ckbe9p8rx006307717tzbjwzl","fieldName":"upvotedStories"},{"_typeName":"Story","id":"ckc6am7xg005q0733wdpf0sp4"}],[{"_typeName":"User","id":"ckbe9p8rx006307717tzbjwzl","fieldName":"upvotedStories"},{"_typeName":"Story","id":"ckc6b11ty005w0733po7uad5y"}],[{"_typeName":"User","id":"ckbe9p8rx006307717tzbjwzl","fieldName":"upvotedStories"},{"_typeName":"Story","id":"ckc6bk9f7006z0733lrdx068z"}],[{"_typeName":"User","id":"ckbe9p8rx006307717tzbjwzl","fieldName":"upvotedStories"},{"_typeName":"Story","id":"ckc6bpulc008v0733h3oq0ex9"}],[{"_typeName":"User","id":"ckbe9p8rx006307717tzbjwzl","fieldName":"upvotedStories"},{"_typeName":"Story","id":"ckc6d2w7f009m07334ko4tr2j"}],[{"_typeName":"User","id":"ckbe9p8rx006307717tzbjwzl","fieldName":"upvotedStories"},{"_typeName":"Story","id":"ckc7imw90002u0705h1jykx97"}],[{"_typeName":"User","id":"ckbki0b9v000y0748ypcqxhcz","fieldName":"upvotedStories"},{"_typeName":"Story","id":"ckc7imw90002u0705h1jykx97"}],[{"_typeName":"User","id":"ckbe9p8rx006307717tzbjwzl","fieldName":"upvotedStories"},{"_typeName":"Story","id":"ckcaa3gsz00ci0765i3lujriv"}],[{"_typeName":"User","id":"ckbe9p8rx006307717tzbjwzl","fieldName":"upvotedStories"},{"_typeName":"Story","id":"ckcac4xwq00f10765s9qmqz1v"}],[{"_typeName":"User","id":"ckbe9p8rx006307717tzbjwzl","fieldName":"upvotedStories"},{"_typeName":"Story","id":"ckcackoer00gb0765qci7tzsx"}],[{"_typeName":"User","id":"ckbe9p8rx006307717tzbjwzl","fieldName":"upvotedStories"},{"_typeName":"Story","id":"ckcamqgee004i07769zdlowio"}],[{"_typeName":"User","id":"ckbe9p8rx006307717tzbjwzl","fieldName":"upvotedStories"},{"_typeName":"Story","id":"ckcd9a2l700ag07760zztm6zh"}],[{"_typeName":"User","id":"ckbe9p8rx006307717tzbjwzl","fieldName":"upvotedStories"},{"_typeName":"Story","id":"ckcdifj9100fi0776ph8jw3ts"}],[{"_typeName":"User","id":"ckbe9p8rx006307717tzbjwzl","fieldName":"upvotedStories"},{"_typeName":"Story","id":"ckcdiloxz00gh07762ukncjub"}],[{"_typeName":"User","id":"ckbe9p8rx006307717tzbjwzl","fieldName":"upvotedStories"},{"_typeName":"Story","id":"ckcdinylc00hi0776z1w6kaec"}],[{"_typeName":"User","id":"ckbe9p8rx006307717tzbjwzl","fieldName":"upvotedStories"},{"_typeName":"Story","id":"ckcerm38v001n0716mgwoqzj4"}],[{"_typeName":"User","id":"ckbs6a7vs000h0782mf4e5f0s","fieldName":"upvotedStories"},{"_typeName":"Story","id":"ckcoh0er6001807019dd7bg7p"}],[{"_typeName":"User","id":"ckbe9p8rx006307717tzbjwzl","fieldName":"upvotedStories"},{"_typeName":"Story","id":"ckd8m27fb00370795wgf085q2"}],[{"_typeName":"User","id":"ckbe9p8rx006307717tzbjwzl","fieldName":"upvotedStories"},{"_typeName":"Story","id":"ckd98xmpp001y072113ujy1os"}],[{"_typeName":"User","id":"ckbe9p8rx006307717tzbjwzl","fieldName":"upvotedStories"},{"_typeName":"Story","id":"ckd99j5fo002b0721lq1d3499"}],[{"_typeName":"User","id":"ckd2w3woh000q0771oy1ocb27","fieldName":"upvotedStories"},{"_typeName":"Story","id":"ckda41qxe000j07231j9pwmi4"}],[{"_typeName":"User","id":"cke5t2wb700qp0716k8mty1db","fieldName":"upvotedStories"},{"_typeName":"Story","id":"cke4as2g40049079644yheyz7"}],[{"_typeName":"User","id":"ckbki0b9v000y0748ypcqxhcz","fieldName":"upvotedStories"},{"_typeName":"Story","id":"cke5t9a1x00r70716fs0yyf07"}],[{"_typeName":"User","id":"ckbki0b9v000y0748ypcqxhcz","fieldName":"upvotedStories"},{"_typeName":"Story","id":"ckeb7lw89005j07485oerui13"}],[{"_typeName":"User","id":"ckd2w3woh000q0771oy1ocb27","fieldName":"upvotedStories"},{"_typeName":"Story","id":"ckeebueyk006a0714yuc2w8sh"}],[{"_typeName":"User","id":"ckd2w3woh000q0771oy1ocb27","fieldName":"upvotedStories"},{"_typeName":"Story","id":"ckeebxrjr006n0714becjd4q4"}],[{"_typeName":"User","id":"ckd2w3woh000q0771oy1ocb27","fieldName":"upvotedStories"},{"_typeName":"Story","id":"ckeecv7xk007d07140y5mzdlj"}],[{"_typeName":"User","id":"ckd2w3woh000q0771oy1ocb27","fieldName":"upvotedStories"},{"_typeName":"Story","id":"ckeeelgr5007q0714hhbvr5z5"}],[{"_typeName":"User","id":"ckd2w3woh000q0771oy1ocb27","fieldName":"upvotedStories"},{"_typeName":"Story","id":"ckeegrop500a707149p5hzuf8"}],[{"_typeName":"User","id":"ckd2w3woh000q0771oy1ocb27","fieldName":"upvotedStories"},{"_typeName":"Story","id":"ckemlrfkc002p079566l8q90h"}],[{"_typeName":"User","id":"ckd2w3woh000q0771oy1ocb27","fieldName":"upvotedStories"},{"_typeName":"Story","id":"ckemlwy0z002v07956it9zmzp"}],[{"_typeName":"User","id":"ckd2w3woh000q0771oy1ocb27","fieldName":"upvotedStories"},{"_typeName":"Story","id":"cken8v2my008w0795fdqw30u4"}],[{"_typeName":"User","id":"ckd2w3woh000q0771oy1ocb27","fieldName":"upvotedStories"},{"_typeName":"Story","id":"ckeob4fpx005s0711az5g5pd0"}],[{"_typeName":"User","id":"ckd2w3woh000q0771oy1ocb27","fieldName":"upvotedStories"},{"_typeName":"Story","id":"ckeobh8s700620711p23064k7"}],[{"_typeName":"User","id":"ckd2w3woh000q0771oy1ocb27","fieldName":"upvotedStories"},{"_typeName":"Story","id":"ckeocjfuw006g0711fbvdmd0k"}],[{"_typeName":"User","id":"ckbki0b9v000y0748ypcqxhcz","fieldName":"upvotedStories"},{"_typeName":"Story","id":"ckescpfpy003507270nmar6ct"}],[{"_typeName":"User","id":"ckd2w3woh000q0771oy1ocb27","fieldName":"upvotedStories"},{"_typeName":"Story","id":"ckf8htkxw004v07585gcsw1v6"}],[{"_typeName":"User","id":"ckd2w3woh000q0771oy1ocb27","fieldName":"upvotedStories"},{"_typeName":"Story","id":"ckf8ij2ox00550758v11m4u2e"}],[{"_typeName":"User","id":"ckd2w3woh000q0771oy1ocb27","fieldName":"upvotedStories"},{"_typeName":"Story","id":"ckf8j40n5006507586kzef5kx"}],[{"_typeName":"User","id":"ckd2w3woh000q0771oy1ocb27","fieldName":"upvotedStories"},{"_typeName":"Story","id":"ckf8jautt006f0758lnlq6y9b"}],[{"_typeName":"User","id":"ckd2w3woh000q0771oy1ocb27","fieldName":"upvotedStories"},{"_typeName":"Story","id":"ckf8jx4dp006z07580e7rellb"}],[{"_typeName":"User","id":"ckfnmjiww00450746o8ggyffo","fieldName":"upvotedStories"},{"_typeName":"Story","id":"ckhokydpg002n0702jpkn0fpk"}],[{"_typeName":"User","id":"ckbm5nsgb00sq0790ivsn23ld"},{"_typeName":"User","id":"cki4o895z00440771eo25472r","fieldName":"referredBy"}],[{"_typeName":"User","id":"ckc2bah3t000q0791xraqwhiz","fieldName":"featureComments"},{"_typeName":"FeatureComment","id":"ck92gwbaa009k0705iafntpfq","fieldName":"author"}],[{"_typeName":"User","id":"ckbm4ncz300mi0790g8zlv7cs","fieldName":"featureComments"},{"_typeName":"FeatureComment","id":"ckbl9gi8m005b0712nijhqv53","fieldName":"author"}],[{"_typeName":"User","id":"ckd9680kr000l0721b5gd4e3a","fieldName":"featureComments"},{"_typeName":"FeatureComment","id":"ckd75anbd000r076986nvndjg","fieldName":"author"}],[{"_typeName":"User","id":"ckdack4f700au0723cxgr6f15","fieldName":"featureComments"},{"_typeName":"FeatureComment","id":"ckda46h78000p07234osxdkme","fieldName":"author"}],[{"_typeName":"User","id":"ckdwovc2p00c5077505ajie1s","fieldName":"featureComments"},{"_typeName":"FeatureComment","id":"ckdvy6u7d000j07973ezf4l1j","fieldName":"author"}],[{"_typeName":"User","id":"cke3335vd006o0705u9stcy72","fieldName":"featureComments"},{"_typeName":"FeatureComment","id":"cke1ti8mj00500711j4e3gjv2","fieldName":"author"}],[{"_typeName":"User","id":"ckf199f57004u0717zb3jmgc3","fieldName":"featureComments"},{"_typeName":"FeatureComment","id":"ckey0t4ot00170713diszakr0","fieldName":"author"}]]}